epoch,train_expected_cost,train_regret,train_acc,val_expected_cost,val_regret,val_acc
1,0.23431611488342285,0.19526267548084258,0.17015,0.1916360818862915,0.15254688193798066,0.20005
2,0.19151258531570434,0.15245914587020873,0.20168,0.19163607499599455,0.15254687504768372,0.20005
3,0.1915125884246826,0.15245914895534515,0.20168,0.1916360933303833,0.15254689338207245,0.20005
4,0.19151258003234864,0.1524591407632828,0.20168,0.191636084151268,0.15254688420295714,0.20005
5,0.19151257011413575,0.15245913062095642,0.20168,0.19163609409332275,0.15254689414501188,0.20005
