epoch,train_loss,train_acc,val_loss,val_acc,lr
1,1.467586996936798,0.51264,0.9420888675689697,0.6534,0.001
2,0.9912015298080444,0.63441,0.8702564651489257,0.6711,0.001
3,0.9190221184921264,0.659,0.8341178680419922,0.6864,0.001
4,0.8785522017097473,0.671,0.8056120770454407,0.69235,0.001
5,0.8480169906616211,0.68027,0.7887883454322815,0.69965,0.001
